startTime, stopTime, KP name, comment
2024-11-26 12:00:00,2024-11-26 15:00:00, RP4C FRB Chime,Cleanup planning J-6
2024-11-26 15:00:00,2024-11-26 20:00:00,ES00 Debug,Tests 4G
2024-11-26 20:00:00,2024-11-26 21:53:00,LT02 Exoplanets and stars,Cleanup planning J-6
2024-11-26 21:53:00,2024-11-26 22:10:00,LT02 Exoplanets and stars,Cleanup planning J-6
2024-11-26 22:10:00,2024-11-27 00:00:00,LT02 Exoplanets and stars,Cleanup planning J-6
2024-11-27 00:00:00,2024-11-27 06:00:00, RP4C FRB Chime,Cleanup planning J-6
2024-11-27 00:00:00,2024-11-27 06:00:00, RP4C FRB Chime,NenuFAR booking
2024-11-27 06:00:00,2024-11-27 10:00:00,LT05 Fast Radio Bursts,NenuFAR booking
2024-11-27 10:00:00,2024-11-27 11:00:00,LT02 Exoplanets and stars,KP booking
2024-11-27 11:00:00,2024-11-27 11:48:00,LT02 Exoplanets and stars,KP booking
2024-11-27 11:48:00,2024-11-27 12:00:00,LT02 Exoplanets and stars,KP booking
2024-11-27 12:00:00,2024-11-27 15:00:00, RP4C FRB Chime,NenuFAR booking
2024-11-27 15:00:00,2024-11-27 20:00:00,LT02 Exoplanets and stars,KP booking
2024-11-27 20:00:00,2024-11-28 00:00:00,LT02 Exoplanets and stars,NenuFAR booking
2024-11-28 00:00:00,2024-11-28 05:00:00, RP4C FRB Chime,NenuFAR booking
2024-11-28 05:00:00,2024-11-28 07:00:00,LT03 Pulsars,NenuFAR booking
2024-11-28 07:00:00,2024-11-28 10:00:00,LT05 Fast Radio Bursts,NenuFAR booking
2024-11-28 10:00:00,2024-11-28 10:56:00,LT02 Exoplanets and stars,KP booking
2024-11-28 10:56:00,2024-11-28 11:44:00,LT02 Exoplanets and stars,KP booking
2024-11-28 11:44:00,2024-11-28 11:56:00,LT02 Exoplanets and stars,KP booking
2024-11-28 12:00:00,2024-11-28 15:00:00, RP4C FRB Chime,NenuFAR booking
2024-11-28 15:00:00,2024-11-28 21:00:00,LT02 Exoplanets and stars,KP booking
2024-11-28 21:00:00,2024-11-29 06:00:00,LT03 Pulsars,NenuFAR booking
2024-11-29 06:00:00,2024-11-29 08:00:00,LT13 SETI,NenuFAR booking
2024-11-29 08:00:00,2024-11-29 10:00:00,LT02 Exoplanets and stars,KP booking
2024-11-29 10:00:00,2024-11-29 14:00:00,LT03 Pulsars,NenuFAR booking
2024-11-29 15:00:00,2024-11-29 20:00:00,LT02 Exoplanets and stars,KP booking
2024-11-29 20:00:00,2024-11-29 22:00:00,LT10 Radio recombination lines,NenuFAR booking
2024-11-29 22:00:00,2024-11-30 07:00:00,LT01 Cosmic Dawn,NenuFAR booking
2024-11-30 07:00:00,2024-11-30 10:48:00,LT02 Exoplanets and stars,KP booking
2024-11-30 10:48:00,2024-11-30 11:36:00,LT02 Exoplanets and stars,KP booking
2024-11-30 11:36:00,2024-11-30 11:48:00,LT02 Exoplanets and stars,KP booking
2024-11-30 12:00:00,2024-11-30 15:00:00, RP4C FRB Chime,NenuFAR booking
2024-11-30 15:00:00,2024-11-30 20:00:00,LT02 Exoplanets and stars,KP booking
2024-11-30 21:59:00,2024-12-01 00:00:00,LT02 Exoplanets and stars,KP booking
2024-12-01 00:00:00,2024-12-01 02:00:00,LT13 SETI,NenuFAR booking
2024-12-01 02:00:00,2024-12-01 04:00:00,RP5B Space Weather,NenuFAR booking
2024-12-01 11:00:00,2024-12-01 12:00:00,RP5C Nova T CrB,NenuFAR booking
2024-12-01 17:00:00,2024-12-02 00:00:00,LT02 Exoplanets and stars,NenuFAR booking
2024-12-02 00:00:00,2024-12-02 01:00:00,LT10 Radio recombination lines,NenuFAR booking
2024-12-02 01:00:00,2024-12-02 05:00:00,LT05 Fast Radio Bursts,NenuFAR booking
2024-12-02 11:00:00,2024-12-02 19:00:00,LT03 Pulsars,NenuFAR booking
2024-12-02 19:00:00,2024-12-02 21:00:00,LT10 Radio recombination lines,NenuFAR booking
2024-12-02 21:00:00,2024-12-03 06:00:00,LT03 Pulsars,NenuFAR booking
2024-12-03 11:00:00,2024-12-03 12:00:00,RP5C Nova T CrB,NenuFAR booking
2024-12-03 17:00:00,2024-12-04 00:00:00,LT02 Exoplanets and stars,NenuFAR booking
2024-12-04 00:00:00,2024-12-04 01:00:00,LT10 Radio recombination lines,NenuFAR booking
2024-12-04 01:00:00,2024-12-04 05:00:00,LT05 Fast Radio Bursts,NenuFAR booking
2024-12-04 18:00:00,2024-12-04 22:00:00,LT05 Fast Radio Bursts,NenuFAR booking
2024-12-04 22:00:00,2024-12-05 07:00:00,LT01 Cosmic Dawn,NenuFAR booking
2024-12-05 11:00:00,2024-12-05 12:00:00,RP5C Nova T CrB,NenuFAR booking
2024-12-05 16:55:00,2024-12-05 19:00:00,LT02 Exoplanets and stars,NenuFAR booking
2024-12-05 19:00:00,2024-12-05 22:00:00,LT05 Fast Radio Bursts,NenuFAR booking
2024-12-05 22:00:00,2024-12-06 00:00:00,LT02 Exoplanets and stars,NenuFAR booking
2024-12-06 00:00:00,2024-12-06 01:00:00,LT10 Radio recombination lines,NenuFAR booking
2024-12-06 01:00:00,2024-12-06 05:00:00,LT05 Fast Radio Bursts,NenuFAR booking
2024-12-06 10:00:00,2024-12-06 14:00:00,LT03 Pulsars,NenuFAR booking
2024-12-06 18:00:00,2024-12-06 22:00:00,LT05 Fast Radio Bursts,NenuFAR booking
2024-12-06 22:00:00,2024-12-07 07:00:00,LT01 Cosmic Dawn,NenuFAR booking
2024-12-07 11:00:00,2024-12-07 12:00:00,RP5C Nova T CrB,NenuFAR booking
2024-12-07 17:00:00,2024-12-07 19:00:00,LT02 Exoplanets and stars,NenuFAR booking
2024-12-07 19:00:00,2024-12-07 22:00:00,LT05 Fast Radio Bursts,NenuFAR booking
2024-12-07 22:00:00,2024-12-08 07:00:00,LT01 Cosmic Dawn,NenuFAR booking
2024-12-08 18:00:00,2024-12-08 20:00:00,LT02 Exoplanets and stars,NenuFAR booking
2024-12-08 20:00:00,2024-12-09 04:00:00,RP3A Milky Way,NenuFAR booking
2024-12-09 11:00:00,2024-12-09 12:00:00,RP5C Nova T CrB,NenuFAR booking
2024-12-09 18:00:00,2024-12-10 00:00:00,LT02 Exoplanets and stars,NenuFAR booking
2024-12-10 00:00:00,2024-12-10 02:00:00,LT10 Radio recombination lines,NenuFAR booking
2024-12-10 02:00:00,2024-12-10 04:00:00,LT13 SETI,NenuFAR booking
2024-12-10 18:00:00,2024-12-10 20:00:00,LT02 Exoplanets and stars,NenuFAR booking
2024-12-10 20:00:00,2024-12-10 22:00:00,LT10 Radio recombination lines,NenuFAR booking
2024-12-10 22:00:00,2024-12-11 07:00:00,LT01 Cosmic Dawn,NenuFAR booking
2024-12-11 11:00:00,2024-12-11 12:00:00,RP5C Nova T CrB,NenuFAR booking
2024-12-11 18:00:00,2024-12-12 00:00:00,LT02 Exoplanets and stars,NenuFAR booking
2024-12-12 00:00:00,2024-12-12 01:00:00,LT03 Pulsars,NenuFAR booking
2024-12-12 01:00:00,2024-12-12 03:00:00,RP5B Space Weather,NenuFAR booking
2024-12-12 03:00:00,2024-12-12 06:00:00,LT03 Pulsars,NenuFAR booking
2024-12-12 10:00:00,2024-12-12 11:00:00,RP5C Nova T CrB,NenuFAR booking
2024-12-12 13:00:00,2024-12-12 15:00:00,LT03 Pulsars,NenuFAR booking
2024-12-12 16:00:00,2024-12-13 18:00:00,LT03 Pulsars,NenuFAR booking
2024-12-13 18:00:00,2024-12-13 21:00:00,LT02 Exoplanets and stars,NenuFAR booking
2024-12-13 21:00:00,2024-12-14 06:00:00,LT03 Pulsars,NenuFAR booking
2024-12-14 08:00:00,2024-12-14 09:00:00,LT03 Pulsars,NenuFAR booking
2024-12-14 10:00:00,2024-12-14 14:00:00,LT03 Pulsars,NenuFAR booking
2024-12-14 18:00:00,2024-12-14 20:00:00,LT02 Exoplanets and stars,NenuFAR booking
2024-12-14 20:00:00,2024-12-14 21:00:00,LT10 Radio recombination lines,NenuFAR booking
2024-12-14 21:00:00,2024-12-15 07:00:00,LT01 Cosmic Dawn,NenuFAR booking
2024-12-15 10:00:00,2024-12-15 11:00:00,RP5C Nova T CrB,NenuFAR booking
2024-12-15 18:00:00,2024-12-15 20:00:00,LT02 Exoplanets and stars,NenuFAR booking
2024-12-15 20:00:00,2024-12-16 04:00:00,RP3A Milky Way,NenuFAR booking
2024-12-16 04:00:00,2024-12-16 06:00:00,LT13 SETI,NenuFAR booking
2024-12-16 20:00:00,2024-12-17 06:00:00,LT01 Cosmic Dawn,NenuFAR booking
2024-12-17 10:00:00,2024-12-17 11:00:00,RP5C Nova T CrB,NenuFAR booking
2024-12-17 19:00:00,2024-12-17 23:00:00,LT10 Radio recombination lines,NenuFAR booking
2024-12-17 23:00:00,2024-12-18 00:00:00,RP1C Free-free absorption in Cassiopeia A,NenuFAR booking
2024-12-18 00:00:00,2024-12-18 06:00:00,LT02 Exoplanets and stars,NenuFAR booking
2024-12-18 13:30:00,2024-12-18 14:30:00,RP1C Free-free absorption in Cassiopeia A,NenuFAR booking
2024-12-18 20:00:00,2024-12-19 06:00:00,LT01 Cosmic Dawn,NenuFAR booking
2024-12-19 10:00:00,2024-12-19 11:00:00,RP5C Nova T CrB,NenuFAR booking
2024-12-19 17:00:00,2024-12-19 20:00:00,LT10 Radio recombination lines,NenuFAR booking
2024-12-19 20:00:00,2024-12-19 22:00:00,RP5B Space Weather,NenuFAR booking
2024-12-19 22:00:00,2024-12-20 07:00:00,LT02 Exoplanets and stars,NenuFAR booking
2024-12-20 10:00:00,2024-12-20 14:00:00,LT03 Pulsars,NenuFAR booking
2024-12-20 18:00:00,2024-12-20 22:00:00,LT05 Fast Radio Bursts,NenuFAR booking
2024-12-20 22:00:00,2024-12-21 07:00:00,LT02 Exoplanets and stars,NenuFAR booking
2024-12-21 10:00:00,2024-12-21 11:00:00,RP5C Nova T CrB,NenuFAR booking
2024-12-21 19:00:00,2024-12-21 22:00:00,LT05 Fast Radio Bursts,NenuFAR booking
2024-12-21 22:00:00,2024-12-22 07:00:00,LT02 Exoplanets and stars,NenuFAR booking
2024-12-22 18:00:00,2024-12-22 21:00:00,LT05 Fast Radio Bursts,NenuFAR booking
2024-12-22 21:00:00,2024-12-23 06:00:00,LT01 Cosmic Dawn,NenuFAR booking
2024-12-23 10:00:00,2024-12-23 11:00:00,RP5C Nova T CrB,NenuFAR booking
2024-12-23 15:00:00,2024-12-23 18:00:00,LT03 Pulsars,NenuFAR booking
2024-12-23 18:00:00,2024-12-23 22:00:00,LT05 Fast Radio Bursts,NenuFAR booking
2024-12-23 22:00:00,2024-12-24 00:00:00,LT10 Radio recombination lines,NenuFAR booking
2024-12-24 00:00:00,2024-12-24 01:00:00,LT03 Pulsars,NenuFAR booking
2024-12-24 01:00:00,2024-12-24 03:00:00,RP5B Space Weather,NenuFAR booking
2024-12-24 03:00:00,2024-12-24 06:00:00,LT03 Pulsars,NenuFAR booking
2024-12-24 06:00:00,2024-12-24 08:00:00,LT13 SETI,NenuFAR booking
2024-12-24 13:00:00,2024-12-24 14:00:00,LT03 Pulsars,NenuFAR booking
2024-12-24 17:00:00,2024-12-24 21:00:00,LT05 Fast Radio Bursts,NenuFAR booking
2024-12-24 21:00:00,2024-12-25 06:00:00,LT03 Pulsars,NenuFAR booking
2024-12-25 07:00:00,2024-12-25 08:00:00,LT03 Pulsars,NenuFAR booking
2024-12-25 10:00:00,2024-12-25 11:00:00,RP5C Nova T CrB,NenuFAR booking
2024-12-25 17:00:00,2024-12-25 21:00:00,LT05 Fast Radio Bursts,NenuFAR booking
2024-12-25 21:00:00,2024-12-26 06:00:00,LT01 Cosmic Dawn,NenuFAR booking
2024-12-26 16:00:00,2024-12-27 03:00:00,LT07 Joint Jupiter studies,NenuFAR booking
2024-12-27 03:00:00,2024-12-27 06:00:00,LT02 Exoplanets and stars,NenuFAR booking
2024-12-27 10:00:00,2024-12-27 11:00:00,RP5C Nova T CrB,NenuFAR booking
2024-12-27 16:00:00,2024-12-28 03:00:00,LT07 Joint Jupiter studies,NenuFAR booking
2024-12-28 03:00:00,2024-12-28 06:00:00,LT02 Exoplanets and stars,NenuFAR booking
2024-12-28 08:00:00,2024-12-28 10:00:00,LT13 SETI,NenuFAR booking
2024-12-28 10:00:00,2024-12-28 14:00:00,LT03 Pulsars,NenuFAR booking
2024-12-28 16:00:00,2024-12-29 03:00:00,LT07 Joint Jupiter studies,NenuFAR booking
2024-12-29 03:00:00,2024-12-29 07:00:00,LT05 Fast Radio Bursts,NenuFAR booking
2024-12-29 10:00:00,2024-12-29 11:00:00,RP5C Nova T CrB,NenuFAR booking
2024-12-29 20:00:00,2024-12-30 04:00:00,LT01 Cosmic Dawn,NenuFAR booking
2024-12-30 04:00:00,2024-12-30 07:00:00,LT05 Fast Radio Bursts,NenuFAR booking
2024-12-30 14:00:00,2024-12-30 18:00:00,LT05 Fast Radio Bursts,NenuFAR booking
2024-12-30 20:00:00,2024-12-31 00:00:00,LT10 Radio recombination lines,NenuFAR booking
2024-12-31 00:00:00,2024-12-31 03:00:00,LT02 Exoplanets and stars,NenuFAR booking
2024-12-31 03:00:00,2024-12-31 07:00:00,LT05 Fast Radio Bursts,NenuFAR booking
2024-12-31 10:00:00,2024-12-31 11:00:00,RP5C Nova T CrB,NenuFAR booking
2024-12-31 14:00:00,2024-12-31 18:00:00,LT05 Fast Radio Bursts,NenuFAR booking
2024-12-31 20:00:00,2025-01-01 04:00:00,LT01 Cosmic Dawn,NenuFAR booking
2025-01-01 04:00:00,2025-01-01 07:00:00,LT05 Fast Radio Bursts,NenuFAR booking
2025-01-01 08:00:00,2025-01-01 10:00:00,LT13 SETI,NenuFAR booking
2025-01-01 14:00:00,2025-01-01 15:00:00,LT03 Pulsars,NenuFAR booking
2025-01-01 20:00:00,2025-01-02 03:00:00,RP3A Milky Way,NenuFAR booking
2025-01-02 03:00:00,2025-01-02 08:00:00,LT05 Fast Radio Bursts,NenuFAR booking
2025-01-02 10:00:00,2025-01-02 11:00:00,RP5C Nova T CrB,NenuFAR booking
2025-01-02 20:00:00,2025-01-03 00:00:00,LT10 Radio recombination lines,NenuFAR booking
2025-01-03 00:00:00,2025-01-03 03:00:00,LT02 Exoplanets and stars,NenuFAR booking
2025-01-03 03:00:00,2025-01-03 13:00:00,LT03 Pulsars,NenuFAR booking
2025-01-03 20:00:00,2025-01-03 22:00:00,LT10 Radio recombination lines,NenuFAR booking
2025-01-03 22:00:00,2025-01-04 03:00:00,LT01 Cosmic Dawn,NenuFAR booking
2025-01-04 03:00:00,2025-01-04 11:30:00,LT03 Pulsars,NenuFAR booking
2025-01-04 14:00:00,2025-01-04 15:00:00,LT03 Pulsars,NenuFAR booking
2025-01-04 17:00:00,2025-01-04 21:00:00,LT05 Fast Radio Bursts,NenuFAR booking
2025-01-04 21:00:00,2025-01-05 07:00:00,LT03 Pulsars,NenuFAR booking
2025-01-05 09:00:00,2025-01-05 10:00:00,RP5C Nova T CrB,NenuFAR booking
2025-01-05 12:00:00,2025-01-05 13:00:00,RP1C Free-free absorption in Cassiopeia A,NenuFAR booking
2025-01-05 18:00:00,2025-01-05 22:00:00,LT05 Fast Radio Bursts,NenuFAR booking
2025-01-05 22:00:00,2025-01-05 23:00:00,RP1C Free-free absorption in Cassiopeia A,NenuFAR booking
2025-01-05 23:00:00,2025-01-06 00:00:00,LT03 Pulsars,NenuFAR booking
2025-01-06 00:00:00,2025-01-06 05:00:00,LT02 Exoplanets and stars,NenuFAR booking
2025-01-06 09:00:00,2025-01-06 10:00:00,RP5C Nova T CrB,NenuFAR booking
2025-01-06 10:00:00,2025-01-06 14:00:00,LT03 Pulsars,NenuFAR booking
2025-01-06 19:00:00,2025-01-06 22:00:00,LT05 Fast Radio Bursts,NenuFAR booking
2025-01-06 22:00:00,2025-01-07 05:00:00,LT01 Cosmic Dawn,NenuFAR booking
2025-01-07 18:00:00,2025-01-07 22:00:00,LT05 Fast Radio Bursts,NenuFAR booking
2025-01-07 22:00:00,2025-01-08 00:00:00,LT10 Radio recombination lines,NenuFAR booking
2025-01-08 00:00:00,2025-01-08 02:00:00,RP5B Space Weather,NenuFAR booking
2025-01-08 02:00:00,2025-01-08 06:00:00,LT05 Fast Radio Bursts,NenuFAR booking
2025-01-08 09:00:00,2025-01-08 10:00:00,RP5C Nova T CrB,NenuFAR booking
2025-01-08 10:00:00,2025-01-08 12:00:00,LT13 SETI,NenuFAR booking
2025-01-08 14:00:00,2025-01-08 15:00:00,LT03 Pulsars,NenuFAR booking
2025-01-08 19:00:00,2025-01-08 22:00:00,LT05 Fast Radio Bursts,NenuFAR booking
2025-01-08 22:00:00,2025-01-09 00:00:00,LT10 Radio recombination lines,NenuFAR booking
2025-01-09 00:00:00,2025-01-09 05:00:00,LT02 Exoplanets and stars,NenuFAR booking
2025-01-09 19:00:00,2025-01-10 05:00:00,LT01 Cosmic Dawn,NenuFAR booking
2025-01-10 09:00:00,2025-01-10 10:00:00,RP5C Nova T CrB,NenuFAR booking
2025-01-10 20:00:00,2025-01-11 00:00:00,LT10 Radio recombination lines,NenuFAR booking
2025-01-11 00:00:00,2025-01-11 05:00:00,LT02 Exoplanets and stars,NenuFAR booking
2025-01-11 06:00:00,2025-01-11 07:00:00,LT03 Pulsars,NenuFAR booking
2025-01-11 10:00:00,2025-01-11 17:00:00,LT03 Pulsars,NenuFAR booking
2025-01-11 20:00:00,2025-01-12 01:00:00,LT10 Radio recombination lines,NenuFAR booking
2025-01-12 01:00:00,2025-01-12 04:00:00,LT03 Pulsars,NenuFAR booking
2025-01-12 09:00:00,2025-01-12 10:00:00,RP5C Nova T CrB,NenuFAR booking
2025-01-12 12:00:00,2025-01-12 14:00:00,LT03 Pulsars,NenuFAR booking
2025-01-12 19:00:00,2025-01-13 04:00:00,LT01 Cosmic Dawn,NenuFAR booking
2025-01-13 09:00:00,2025-01-13 10:00:00,RP5C Nova T CrB,NenuFAR booking
2025-01-13 20:00:00,2025-01-13 23:00:00,LT10 Radio recombination lines,NenuFAR booking
2025-01-13 23:00:00,2025-01-14 22:00:00,LT03 Pulsars,NenuFAR booking
2025-01-14 22:00:00,2025-01-15 00:00:00,RP5B Space Weather,NenuFAR booking
2025-01-15 00:00:00,2025-01-15 05:00:00,LT02 Exoplanets and stars,NenuFAR booking
2025-01-15 12:00:00,2025-01-15 14:00:00,LT13 SETI,NenuFAR booking
2025-01-15 19:00:00,2025-01-16 04:00:00,LT01 Cosmic Dawn,NenuFAR booking
2025-01-16 08:00:00,2025-01-16 09:00:00,RP5C Nova T CrB,NenuFAR booking
2025-01-16 13:00:00,2025-01-16 14:00:00,LT03 Pulsars,NenuFAR booking
2025-01-16 19:00:00,2025-01-17 04:00:00,RP3A Milky Way,NenuFAR booking
2025-01-17 15:00:00,2025-01-17 16:00:00,RP1C Free-free absorption in Cassiopeia A,NenuFAR booking
2025-01-17 18:00:00,2025-01-17 19:00:00,RP1C Free-free absorption in Cassiopeia A,NenuFAR booking
2025-01-17 21:00:00,2025-01-18 06:00:00,LT03 Pulsars,NenuFAR booking
2025-01-18 08:00:00,2025-01-18 09:00:00,RP5C Nova T CrB,NenuFAR booking
2025-01-18 10:00:00,2025-01-18 14:00:00,LT03 Pulsars,NenuFAR booking
2025-01-18 19:00:00,2025-01-19 04:00:00,LT01 Cosmic Dawn,NenuFAR booking
2025-01-19 20:00:00,2025-01-19 21:00:00,LT03 Pulsars,NenuFAR booking
2025-01-19 21:00:00,2025-01-20 00:00:00,LT10 Radio recombination lines,NenuFAR booking
2025-01-20 00:00:00,2025-01-20 05:00:00,LT02 Exoplanets and stars,NenuFAR booking
2025-01-20 08:00:00,2025-01-20 09:00:00,RP5C Nova T CrB,NenuFAR booking
2025-01-20 13:00:00,2025-01-20 14:00:00,LT03 Pulsars,NenuFAR booking
2025-01-20 18:00:00,2025-01-21 04:00:00,LT01 Cosmic Dawn,NenuFAR booking
2025-01-21 18:00:00,2025-01-21 22:00:00,LT05 Fast Radio Bursts,NenuFAR booking
2025-01-21 22:00:00,2025-01-22 00:00:00,LT10 Radio recombination lines,NenuFAR booking
2025-01-22 00:00:00,2025-01-22 05:00:00,LT02 Exoplanets and stars,NenuFAR booking
2025-01-22 08:00:00,2025-01-22 09:00:00,RP5C Nova T CrB,NenuFAR booking
2025-01-22 13:00:00,2025-01-22 14:00:00,LT03 Pulsars,NenuFAR booking
2025-01-22 19:00:00,2025-01-22 22:00:00,LT05 Fast Radio Bursts,NenuFAR booking
2025-01-22 22:00:00,2025-01-23 00:00:00,LT10 Radio recombination lines,NenuFAR booking
2025-01-23 00:00:00,2025-01-23 02:00:00,LT03 Pulsars,NenuFAR booking
2025-01-23 02:00:00,2025-01-23 06:00:00,LT05 Fast Radio Bursts,NenuFAR booking
2025-01-23 18:00:00,2025-01-23 22:00:00,LT05 Fast Radio Bursts,NenuFAR booking
2025-01-23 22:00:00,2025-01-24 01:00:00,LT10 Radio recombination lines,NenuFAR booking
2025-01-24 01:00:00,2025-01-24 05:00:00,LT05 Fast Radio Bursts,NenuFAR booking
2025-01-24 08:00:00,2025-01-24 09:00:00,RP5C Nova T CrB,NenuFAR booking
2025-01-24 13:00:00,2025-01-24 14:00:00,LT03 Pulsars,NenuFAR booking
2025-01-24 14:00:00,2025-01-24 16:00:00,LT13 SETI,NenuFAR booking
2025-01-24 19:00:00,2025-01-24 22:00:00,LT05 Fast Radio Bursts,NenuFAR booking
2025-01-24 22:00:00,2025-01-25 00:00:00,LT10 Radio recombination lines,NenuFAR booking
2025-01-25 00:00:00,2025-01-25 05:00:00,LT02 Exoplanets and stars,NenuFAR booking
2025-01-25 10:00:00,2025-01-25 14:00:00,LT03 Pulsars,NenuFAR booking
2025-01-25 18:00:00,2025-01-26 03:00:00,LT01 Cosmic Dawn,NenuFAR booking
2025-01-26 05:00:00,2025-01-26 06:00:00,LT03 Pulsars,NenuFAR booking
2025-01-26 08:00:00,2025-01-26 09:00:00,RP5C Nova T CrB,NenuFAR booking
2025-01-26 13:00:00,2025-01-26 16:00:00,LT03 Pulsars,NenuFAR booking
2025-01-26 16:00:00,2025-01-26 21:00:00,LT05 Fast Radio Bursts,NenuFAR booking
2025-01-26 21:00:00,2025-01-27 06:00:00,LT03 Pulsars,NenuFAR booking
2025-01-27 13:00:00,2025-01-27 14:00:00,LT03 Pulsars,NenuFAR booking
2025-01-27 14:00:00,2025-01-28 01:00:00,LT07 Joint Jupiter studies,NenuFAR booking
2025-01-28 01:00:00,2025-01-28 06:00:00,LT05 Fast Radio Bursts,NenuFAR booking
2025-01-28 08:00:00,2025-01-28 09:00:00,RP5C Nova T CrB,NenuFAR booking
2025-01-28 12:00:00,2025-01-28 13:00:00,LT03 Pulsars,NenuFAR booking
2025-01-28 14:00:00,2025-01-29 01:00:00,LT07 Joint Jupiter studies,NenuFAR booking
2025-01-29 01:00:00,2025-01-29 05:00:00,LT02 Exoplanets and stars,NenuFAR booking
2025-01-29 12:00:00,2025-01-29 13:00:00,LT03 Pulsars,NenuFAR booking
2025-01-29 14:00:00,2025-01-30 01:00:00,LT07 Joint Jupiter studies,NenuFAR booking
2025-01-30 01:00:00,2025-01-30 04:00:00,LT10 Radio recombination lines,NenuFAR booking
2025-01-30 04:00:00,2025-01-30 08:00:00,LT02 Exoplanets and stars,NenuFAR booking
2025-01-30 08:00:00,2025-01-30 09:00:00,RP5C Nova T CrB,NenuFAR booking
2025-01-30 12:00:00,2025-01-30 13:00:00,LT03 Pulsars,NenuFAR booking
2025-01-30 18:00:00,2025-01-31 03:00:00,LT01 Cosmic Dawn,NenuFAR booking
2025-01-31 03:00:00,2025-01-31 07:00:00,LT05 Fast Radio Bursts,NenuFAR booking
2025-01-31 12:00:00,2025-01-31 13:00:00,LT03 Pulsars,NenuFAR booking
2025-01-31 17:00:00,2025-01-31 21:00:00,LT05 Fast Radio Bursts,NenuFAR booking
2025-01-31 21:00:00,2025-01-31 23:00:00,RP5B Space Weather,NenuFAR booking
2025-01-31 23:00:00,2025-02-01 00:00:00,LT03 Pulsars,NenuFAR booking
2025-02-01 00:00:00,2025-02-01 02:00:00,RP5B Space Weather,NenuFAR booking
2025-02-01 02:00:00,2025-02-01 03:00:00,LT03 Pulsars,NenuFAR booking
2025-02-01 03:00:00,2025-02-01 05:00:00,LT10 Radio recombination lines,NenuFAR booking
2025-02-01 08:00:00,2025-02-01 09:00:00,RP5C Nova T CrB,NenuFAR booking
2025-02-01 10:00:00,2025-02-01 14:00:00,LT03 Pulsars,NenuFAR booking
2025-02-01 16:00:00,2025-02-01 18:00:00,LT13 SETI,NenuFAR booking
2025-02-01 20:00:00,2025-02-02 04:00:00,RP3A Milky Way,NenuFAR booking
2025-02-02 12:00:00,2025-02-02 13:00:00,LT03 Pulsars,NenuFAR booking
2025-02-02 18:00:00,2025-02-03 03:00:00,LT01 Cosmic Dawn,NenuFAR booking
2025-02-03 03:00:00,2025-02-03 07:00:00,LT05 Fast Radio Bursts,NenuFAR booking
2025-02-03 07:00:00,2025-02-03 08:00:00,RP5C Nova T CrB,NenuFAR booking
2025-02-03 12:00:00,2025-02-03 13:00:00,LT03 Pulsars,NenuFAR booking
2025-02-03 18:00:00,2025-02-03 22:00:00,LT05 Fast Radio Bursts,NenuFAR booking
2025-02-03 22:00:00,2025-02-04 00:00:00,LT10 Radio recombination lines,NenuFAR booking
2025-02-04 00:00:00,2025-02-04 04:00:00,LT05 Fast Radio Bursts,NenuFAR booking
2025-02-04 04:00:00,2025-02-04 08:00:00,LT02 Exoplanets and stars,NenuFAR booking
2025-02-04 12:00:00,2025-02-04 13:00:00,LT03 Pulsars,NenuFAR booking
2025-02-04 18:00:00,2025-02-04 22:00:00,LT05 Fast Radio Bursts,NenuFAR booking
2025-02-04 22:00:00,2025-02-05 00:00:00,LT02 Exoplanets and stars,NenuFAR booking
2025-02-05 00:00:00,2025-02-05 02:00:00,RP5B Space Weather,NenuFAR booking
2025-02-05 02:00:00,2025-02-05 06:00:00,LT05 Fast Radio Bursts,NenuFAR booking
2025-02-05 07:00:00,2025-02-05 08:00:00,RP5C Nova T CrB,NenuFAR booking
2025-02-05 12:00:00,2025-02-05 13:00:00,LT03 Pulsars,NenuFAR booking
2025-02-05 17:00:00,2025-02-06 03:00:00,LT01 Cosmic Dawn,NenuFAR booking
2025-02-06 04:00:00,2025-02-06 08:00:00,LT02 Exoplanets and stars,NenuFAR booking
2025-02-06 12:00:00,2025-02-06 15:00:00,LT03 Pulsars,NenuFAR booking
2025-02-06 18:00:00,2025-02-06 20:00:00,LT13 SETI,NenuFAR booking
2025-02-06 20:00:00,2025-02-07 06:00:00,LT03 Pulsars,NenuFAR booking
2025-02-07 07:00:00,2025-02-07 08:00:00,RP5C Nova T CrB,NenuFAR booking
2025-02-07 09:00:00,2025-02-07 11:00:00,LT03 Pulsars,NenuFAR booking
2025-02-07 12:00:00,2025-02-07 13:00:00,LT03 Pulsars,NenuFAR booking
2025-02-07 18:00:00,2025-02-07 22:00:00,LT05 Fast Radio Bursts,NenuFAR booking
2025-02-07 22:00:00,2025-02-08 04:00:00,LT02 Exoplanets and stars,NenuFAR booking
2025-02-08 04:00:00,2025-02-08 05:00:00,LT03 Pulsars,NenuFAR booking
2025-02-08 10:00:00,2025-02-08 14:00:00,LT03 Pulsars,NenuFAR booking
2025-02-08 17:00:00,2025-02-09 02:00:00,LT01 Cosmic Dawn,NenuFAR booking
2025-02-09 02:00:00,2025-02-09 06:00:00,LT05 Fast Radio Bursts,NenuFAR booking
2025-02-09 07:00:00,2025-02-09 08:00:00,RP5C Nova T CrB,NenuFAR booking
2025-02-09 12:00:00,2025-02-09 13:00:00,LT03 Pulsars,NenuFAR booking
2025-02-09 20:00:00,2025-02-09 22:00:00,RP5B Space Weather,NenuFAR booking
2025-02-09 22:00:00,2025-02-10 05:00:00,LT02 Exoplanets and stars,NenuFAR booking
2025-02-10 11:00:00,2025-02-10 13:00:00,LT03 Pulsars,NenuFAR booking
2025-02-10 17:00:00,2025-02-11 00:00:00,LT01 Cosmic Dawn,NenuFAR booking
2025-02-11 00:00:00,2025-02-11 01:00:00,LT03 Pulsars,NenuFAR booking
2025-02-11 01:00:00,2025-02-11 05:00:00,LT05 Fast Radio Bursts,NenuFAR booking
2025-02-11 07:00:00,2025-02-11 08:00:00,RP5C Nova T CrB,NenuFAR booking
2025-02-11 11:00:00,2025-02-11 13:00:00,LT03 Pulsars,NenuFAR booking
2025-02-11 17:00:00,2025-02-12 02:00:00,LT01 Cosmic Dawn,NenuFAR booking
2025-02-12 02:00:00,2025-02-12 04:00:00,LT10 Radio recombination lines,NenuFAR booking
2025-02-12 04:00:00,2025-02-12 08:00:00,LT02 Exoplanets and stars,NenuFAR booking
2025-02-12 20:00:00,2025-02-12 22:00:00,LT13 SETI,NenuFAR booking
2025-02-12 22:00:00,2025-02-13 00:00:00,LT02 Exoplanets and stars,NenuFAR booking
2025-02-13 00:00:00,2025-02-13 05:00:00,LT05 Fast Radio Bursts,NenuFAR booking
2025-02-13 06:00:00,2025-02-13 07:00:00,RP5C Nova T CrB,NenuFAR booking
2025-02-13 11:00:00,2025-02-13 13:00:00,LT03 Pulsars,NenuFAR booking
2025-02-13 17:00:00,2025-02-14 02:00:00,LT01 Cosmic Dawn,NenuFAR booking
2025-02-14 02:00:00,2025-02-14 04:00:00,LT10 Radio recombination lines,NenuFAR booking
2025-02-14 04:00:00,2025-02-14 08:00:00,LT02 Exoplanets and stars,NenuFAR booking
2025-02-14 11:00:00,2025-02-14 13:00:00,LT03 Pulsars,NenuFAR booking
2025-02-14 17:00:00,2025-02-15 02:00:00,LT01 Cosmic Dawn,NenuFAR booking
2025-02-15 02:00:00,2025-02-15 04:00:00,LT02 Exoplanets and stars,NenuFAR booking
2025-02-15 06:00:00,2025-02-15 07:00:00,RP5C Nova T CrB,NenuFAR booking
2025-02-15 10:00:00,2025-02-15 14:00:00,LT03 Pulsars,NenuFAR booking
2025-02-15 20:00:00,2025-02-16 04:00:00,RP3A Milky Way,NenuFAR booking
2025-02-16 06:00:00,2025-02-16 07:00:00,RP5C Nova T CrB,NenuFAR booking
2025-02-16 11:00:00,2025-02-16 12:00:00,LT03 Pulsars,NenuFAR booking
2025-02-16 13:00:00,2025-02-16 14:00:00,RP1C Free-free absorption in Cassiopeia A,NenuFAR booking
2025-02-16 20:00:00,2025-02-16 21:00:00,RP1C Free-free absorption in Cassiopeia A,NenuFAR booking
2025-02-16 21:00:00,2025-02-18 06:00:00,LT03 Pulsars,NenuFAR booking
2025-02-18 06:00:00,2025-02-18 07:00:00,RP5C Nova T CrB,NenuFAR booking
2025-02-18 11:00:00,2025-02-18 12:00:00,LT03 Pulsars,NenuFAR booking
2025-02-18 19:00:00,2025-02-18 20:00:00,LT03 Pulsars,NenuFAR booking
2025-02-18 20:00:00,2025-02-19 04:00:00,RP3A Milky Way,NenuFAR booking
2025-02-19 11:00:00,2025-02-19 12:00:00,LT03 Pulsars,NenuFAR booking
2025-02-19 17:00:00,2025-02-20 02:00:00,LT01 Cosmic Dawn,NenuFAR booking
2025-02-20 02:00:00,2025-02-20 07:00:00,LT02 Exoplanets and stars,NenuFAR booking
2025-02-20 11:00:00,2025-02-20 12:00:00,LT03 Pulsars,NenuFAR booking
2025-02-20 17:00:00,2025-02-21 02:00:00,LT01 Cosmic Dawn,NenuFAR booking
2025-02-21 02:00:00,2025-02-21 04:00:00,LT02 Exoplanets and stars,NenuFAR booking
2025-02-21 06:00:00,2025-02-21 07:00:00,RP5C Nova T CrB,NenuFAR booking
2025-02-21 11:00:00,2025-02-21 14:00:00,LT03 Pulsars,NenuFAR booking
2025-02-21 17:00:00,2025-02-21 22:00:00,LT05 Fast Radio Bursts,NenuFAR booking
2025-02-21 22:00:00,2025-02-22 01:00:00,LT03 Pulsars,NenuFAR booking
2025-02-22 01:00:00,2025-02-22 03:00:00,LT10 Radio recombination lines,NenuFAR booking
2025-02-22 03:00:00,2025-02-22 04:00:00,LT03 Pulsars,NenuFAR booking
2025-02-22 09:00:00,2025-02-22 14:00:00,LT03 Pulsars,NenuFAR booking
2025-02-22 17:00:00,2025-02-23 02:00:00,LT01 Cosmic Dawn,NenuFAR booking
2025-02-23 02:00:00,2025-02-23 03:00:00,RP5C Nova T CrB,NenuFAR booking
2025-02-23 03:00:00,2025-02-23 07:00:00,LT02 Exoplanets and stars,NenuFAR booking
2025-02-23 11:00:00,2025-02-23 12:00:00,LT03 Pulsars,NenuFAR booking
2025-02-23 17:00:00,2025-02-24 02:00:00,LT01 Cosmic Dawn,NenuFAR booking
2025-02-24 02:00:00,2025-02-24 04:00:00,LT10 Radio recombination lines,NenuFAR booking
2025-02-24 04:00:00,2025-02-24 08:00:00,LT05 Fast Radio Bursts,NenuFAR booking
2025-02-24 11:00:00,2025-02-24 12:00:00,LT03 Pulsars,NenuFAR booking
2025-02-24 17:00:00,2025-02-24 22:00:00,LT05 Fast Radio Bursts,NenuFAR booking
2025-02-24 22:00:00,2025-02-25 00:00:00,LT13 SETI,NenuFAR booking
2025-02-25 00:00:00,2025-02-25 04:00:00,LT10 Radio recombination lines,NenuFAR booking
2025-02-25 05:00:00,2025-02-25 06:00:00,RP5C Nova T CrB,NenuFAR booking
2025-02-25 11:00:00,2025-02-25 12:00:00,LT03 Pulsars,NenuFAR booking
2025-02-25 17:00:00,2025-02-25 21:00:00,LT05 Fast Radio Bursts,NenuFAR booking
2025-02-25 21:00:00,2025-02-26 07:00:00,LT02 Exoplanets and stars,NenuFAR booking
2025-02-26 10:00:00,2025-02-26 11:00:00,LT03 Pulsars,NenuFAR booking
2025-02-26 17:00:00,2025-02-27 02:00:00,LT01 Cosmic Dawn,NenuFAR booking
2025-02-27 02:00:00,2025-02-27 03:00:00,RP5C Nova T CrB,NenuFAR booking
2025-02-27 03:00:00,2025-02-27 07:00:00,LT05 Fast Radio Bursts,NenuFAR booking
2025-02-27 10:00:00,2025-02-27 11:00:00,LT03 Pulsars,NenuFAR booking
2025-02-27 15:00:00,2025-02-27 19:00:00,LT05 Fast Radio Bursts,NenuFAR booking
2025-02-27 19:00:00,2025-02-27 21:00:00,LT02 Exoplanets and stars,NenuFAR booking
2025-02-27 21:00:00,2025-02-28 06:00:00,LT03 Pulsars,NenuFAR booking
2025-02-28 10:00:00,2025-02-28 14:00:00,LT03 Pulsars,NenuFAR booking
2025-02-28 15:00:00,2025-02-28 23:30:00,LT05 Fast Radio Bursts,NenuFAR booking
2025-02-28 23:30:00,2025-03-01 01:30:00,LT13 SETI,NenuFAR booking
2025-03-01 01:30:00,2025-03-01 05:30:00,LT02 Exoplanets and stars,NenuFAR booking
2025-03-01 05:30:00,2025-03-01 06:30:00,RP5C Nova T CrB,NenuFAR booking
2025-03-01 12:00:00,2025-03-01 23:00:00,LT07 Joint Jupiter studies,NenuFAR booking
2025-03-01 23:00:00,2025-03-02 07:00:00,LT02 Exoplanets and stars,NenuFAR booking
2025-03-02 12:00:00,2025-03-02 23:00:00,LT07 Joint Jupiter studies,NenuFAR booking
2025-03-02 23:00:00,2025-03-03 01:00:00,LT10 Radio recombination lines,NenuFAR booking
2025-03-03 01:00:00,2025-03-03 06:00:00,LT05 Fast Radio Bursts,NenuFAR booking
2025-03-03 06:00:00,2025-03-03 07:00:00,RP5C Nova T CrB,NenuFAR booking
2025-03-03 10:00:00,2025-03-03 11:00:00,LT03 Pulsars,NenuFAR booking
2025-03-03 12:00:00,2025-03-03 23:00:00,LT07 Joint Jupiter studies,NenuFAR booking
2025-03-03 23:00:00,2025-03-04 01:00:00,LT10 Radio recombination lines,NenuFAR booking
2025-03-04 01:00:00,2025-03-04 05:00:00,LT05 Fast Radio Bursts,NenuFAR booking
2025-03-04 05:00:00,2025-03-04 06:00:00,RP5C Nova T CrB,NenuFAR booking
2025-03-04 17:00:00,2025-03-05 01:00:00,LT01 Cosmic Dawn,NenuFAR booking
2025-03-05 01:00:00,2025-03-05 06:00:00,LT05 Fast Radio Bursts,NenuFAR booking
2025-03-05 06:00:00,2025-03-05 07:00:00,RP5C Nova T CrB,NenuFAR booking
2025-03-05 10:00:00,2025-03-05 11:00:00,LT03 Pulsars,NenuFAR booking
2025-03-05 18:00:00,2025-03-05 22:00:00,LT05 Fast Radio Bursts,NenuFAR booking
2025-03-05 22:00:00,2025-03-06 00:00:00,LT02 Exoplanets and stars,NenuFAR booking
2025-03-06 00:00:00,2025-03-06 01:00:00,LT03 Pulsars,NenuFAR booking
2025-03-06 01:00:00,2025-03-06 05:00:00,LT05 Fast Radio Bursts,NenuFAR booking
2025-03-06 05:00:00,2025-03-06 06:00:00,RP5C Nova T CrB,NenuFAR booking
2025-03-06 18:00:00,2025-03-06 22:00:00,LT05 Fast Radio Bursts,NenuFAR booking
2025-03-06 22:00:00,2025-03-07 00:00:00,LT03 Pulsars,NenuFAR booking
2025-03-07 00:00:00,2025-03-07 02:00:00,LT10 Radio recombination lines,NenuFAR booking
2025-03-07 02:00:00,2025-03-07 03:00:00,LT03 Pulsars,NenuFAR booking
2025-03-07 03:00:00,2025-03-07 07:00:00,LT02 Exoplanets and stars,NenuFAR booking
2025-03-07 07:00:00,2025-03-07 09:00:00,LT03 Pulsars,NenuFAR booking
2025-03-07 10:00:00,2025-03-07 13:00:00,LT03 Pulsars,NenuFAR booking
2025-03-07 17:00:00,2025-03-08 01:00:00,LT01 Cosmic Dawn,NenuFAR booking
2025-03-08 02:00:00,2025-03-08 04:00:00,LT13 SETI,NenuFAR booking
2025-03-08 05:00:00,2025-03-08 06:00:00,RP5C Nova T CrB,NenuFAR booking
2025-03-08 10:00:00,2025-03-08 14:00:00,LT03 Pulsars,NenuFAR booking
2025-03-08 19:00:00,2025-03-08 20:00:00,LT03 Pulsars,NenuFAR booking
2025-03-08 20:00:00,2025-03-09 00:00:00,LT02 Exoplanets and stars,NenuFAR booking
2025-03-09 00:00:00,2025-03-09 04:00:00,LT05 Fast Radio Bursts,NenuFAR booking
2025-03-09 05:00:00,2025-03-09 06:00:00,RP5C Nova T CrB,NenuFAR booking
2025-03-09 10:00:00,2025-03-09 11:00:00,LT03 Pulsars,NenuFAR booking
2025-03-09 17:00:00,2025-03-10 01:00:00,LT01 Cosmic Dawn,NenuFAR booking
2025-03-10 01:00:00,2025-03-10 06:00:00,LT02 Exoplanets and stars,NenuFAR booking
2025-03-10 06:00:00,2025-03-10 07:00:00,RP5C Nova T CrB,NenuFAR booking
2025-03-10 17:00:00,2025-03-11 01:00:00,LT01 Cosmic Dawn,NenuFAR booking
2025-03-11 01:00:00,2025-03-11 05:00:00,LT05 Fast Radio Bursts,NenuFAR booking
2025-03-11 05:00:00,2025-03-11 06:00:00,RP5C Nova T CrB,NenuFAR booking
2025-03-11 06:00:00,2025-03-11 18:00:00,SP16 Student training,NenuFAR booking
2025-03-11 20:00:00,2025-03-11 23:00:00,LT02 Exoplanets and stars,NenuFAR booking
2025-03-11 23:00:00,2025-03-12 04:00:00,SP16 Student training,NenuFAR booking
2025-03-12 04:00:00,2025-03-12 05:00:00,RP5C Nova T CrB,NenuFAR booking
2025-03-12 05:00:00,2025-03-12 13:00:00,SP16 Student training,NenuFAR booking
2025-03-12 21:00:00,2025-03-13 06:00:00,LT03 Pulsars,NenuFAR booking
2025-03-13 10:00:00,2025-03-13 11:00:00,LT03 Pulsars,NenuFAR booking
2025-03-13 17:00:00,2025-03-14 00:00:00,LT01 Cosmic Dawn,NenuFAR booking
2025-03-14 00:00:00,2025-03-14 04:00:00,LT05 Fast Radio Bursts,NenuFAR booking
2025-03-14 04:00:00,2025-03-14 06:00:00,LT13 SETI,NenuFAR booking
2025-03-14 06:00:00,2025-03-14 07:00:00,RP5C Nova T CrB,NenuFAR booking
2025-03-14 20:00:00,2025-03-14 22:00:00,LT02 Exoplanets and stars,NenuFAR booking
2025-03-14 22:00:00,2025-03-15 02:00:00,LT05 Fast Radio Bursts,NenuFAR booking
2025-03-15 02:00:00,2025-03-15 06:00:00,LT02 Exoplanets and stars,NenuFAR booking
2025-03-15 06:00:00,2025-03-15 07:00:00,RP5C Nova T CrB,NenuFAR booking
2025-03-15 09:00:00,2025-03-15 14:00:00,LT03 Pulsars,NenuFAR booking
2025-03-15 20:00:00,2025-03-16 04:30:00,LT02 Exoplanets and stars,NenuFAR booking
2025-03-16 04:30:00,2025-03-16 05:30:00,RP5C Nova T CrB,NenuFAR booking
2025-03-16 12:00:00,2025-03-16 16:00:00,ES00 Debug,NenuFAR booking
2025-03-16 17:00:00,2025-03-17 00:00:00,LT01 Cosmic Dawn,NenuFAR booking
2025-03-17 00:00:00,2025-03-17 04:00:00,LT05 Fast Radio Bursts,NenuFAR booking
2025-03-17 04:00:00,2025-03-17 05:00:00,RP5C Nova T CrB,NenuFAR booking
2025-03-17 09:00:00,2025-03-17 10:00:00,LT03 Pulsars,NenuFAR booking
2025-03-17 12:00:00,2025-03-17 16:00:00,ES00 Debug,NenuFAR booking
2025-03-17 17:00:00,2025-03-17 20:00:00,ES00 Debug,NenuFAR booking
2025-03-17 20:00:00,2025-03-18 04:00:00,RP3A Milky Way,NenuFAR booking
2025-03-18 04:00:00,2025-03-18 05:00:00,RP5C Nova T CrB,NenuFAR booking
2025-03-18 05:00:00,2025-03-18 08:00:00,ES00 Debug,NenuFAR booking
2025-03-18 09:00:00,2025-03-18 12:00:00,LT03 Pulsars,NenuFAR booking
2025-03-18 12:00:00,2025-03-18 16:00:00,ES00 Debug,NenuFAR booking
2025-03-18 17:00:00,2025-03-18 19:00:00,ES00 Debug,NenuFAR booking
2025-03-18 21:00:00,2025-03-19 23:00:00,LT03 Pulsars,NenuFAR booking
2025-03-19 23:00:00,2025-03-20 01:00:00,LT02 Exoplanets and stars,NenuFAR booking
2025-03-20 01:00:00,2025-03-20 02:00:00,LT03 Pulsars,NenuFAR booking
2025-03-20 02:00:00,2025-03-20 06:00:00,LT02 Exoplanets and stars,NenuFAR booking
2025-03-20 09:00:00,2025-03-20 14:00:00,LT03 Pulsars,NenuFAR booking
2025-03-20 17:00:00,2025-03-21 00:00:00,LT01 Cosmic Dawn,NenuFAR booking
2025-03-21 00:00:00,2025-03-21 02:00:00,LT10 Radio recombination lines,NenuFAR booking
2025-03-21 02:00:00,2025-03-21 04:00:00,LT02 Exoplanets and stars,NenuFAR booking
2025-03-21 04:00:00,2025-03-21 06:00:00,RP5C Nova T CrB,NenuFAR booking
2025-03-21 07:00:00,2025-03-21 08:00:00,LT03 Pulsars,NenuFAR booking
2025-03-21 09:00:00,2025-03-21 15:00:00,LT11 Sun,NenuFAR booking
2025-03-21 17:00:00,2025-03-21 18:00:00,LT03 Pulsars,NenuFAR booking
2025-03-21 20:00:00,2025-03-21 21:00:00,LT03 Pulsars,NenuFAR booking
2025-03-21 21:00:00,2025-03-22 04:00:00,LT02 Exoplanets and stars,NenuFAR booking
2025-03-22 04:00:00,2025-03-22 06:00:00,RP5C Nova T CrB,NenuFAR booking
2025-03-22 09:00:00,2025-03-22 15:00:00,LT11 Sun,NenuFAR booking
2025-03-22 21:00:00,2025-03-23 06:00:00,LT03 Pulsars,NenuFAR booking
2025-03-23 09:00:00,2025-03-23 15:00:00,LT11 Sun,NenuFAR booking
2025-03-23 20:00:00,2025-03-24 00:00:00,LT02 Exoplanets and stars,NenuFAR booking
2025-03-24 00:00:00,2025-03-24 04:00:00,LT10 Radio recombination lines,NenuFAR booking
2025-03-24 04:00:00,2025-03-24 06:00:00,RP5C Nova T CrB,NenuFAR booking
2025-03-24 06:00:00,2025-03-24 08:00:00,LT13 SETI,NenuFAR booking
2025-03-24 09:00:00,2025-03-24 15:00:00,LT11 Sun,NenuFAR booking
2025-03-24 21:00:00,2025-03-25 06:00:00,LT03 Pulsars,NenuFAR booking
2025-03-25 06:00:00,2025-03-25 07:00:00,RP5C Nova T CrB,NenuFAR booking
2025-03-25 09:00:00,2025-03-25 15:00:00,LT11 Sun,NenuFAR booking
2025-03-25 20:00:00,2025-03-26 05:00:00,LT02 Exoplanets and stars,NenuFAR booking
2025-03-26 05:00:00,2025-03-26 07:00:00,RP5C Nova T CrB,NenuFAR booking
2025-03-26 09:00:00,2025-03-26 15:00:00,LT11 Sun,NenuFAR booking
2025-03-26 20:00:00,2025-03-27 00:00:00,LT02 Exoplanets and stars,NenuFAR booking
2025-03-27 00:00:00,2025-03-27 04:00:00,LT05 Fast Radio Bursts,NenuFAR booking
2025-03-27 04:00:00,2025-03-27 05:00:00,RP5C Nova T CrB,NenuFAR booking
2025-03-27 05:00:00,2025-03-27 09:00:00,LT05 Fast Radio Bursts,NenuFAR booking
2025-03-27 09:00:00,2025-03-27 10:00:00,LT03 Pulsars,NenuFAR booking
2025-03-27 10:00:00,2025-03-27 15:00:00,LT11 Sun,NenuFAR booking
2025-03-27 20:00:00,2025-03-28 00:00:00,LT02 Exoplanets and stars,NenuFAR booking
2025-03-28 00:00:00,2025-03-28 04:00:00,LT05 Fast Radio Bursts,NenuFAR booking
2025-03-28 04:00:00,2025-03-28 05:00:00,RP5C Nova T CrB,NenuFAR booking
2025-03-28 05:00:00,2025-03-28 09:00:00,LT05 Fast Radio Bursts,NenuFAR booking
2025-03-28 09:00:00,2025-03-28 15:00:00,LT11 Sun,NenuFAR booking
2025-03-28 16:00:00,2025-03-28 20:00:00,LT05 Fast Radio Bursts,NenuFAR booking
2025-03-28 20:00:00,2025-03-28 23:00:00,LT02 Exoplanets and stars,NenuFAR booking
2025-03-28 23:00:00,2025-03-29 01:00:00,LT10 Radio recombination lines,NenuFAR booking
2025-03-29 01:00:00,2025-03-29 02:00:00,RP5C Nova T CrB,NenuFAR booking
2025-03-29 02:00:00,2025-03-29 06:00:00,LT05 Fast Radio Bursts,NenuFAR booking
2025-03-29 06:00:00,2025-03-29 07:00:00,RP5C Nova T CrB,NenuFAR booking
2025-03-29 07:00:00,2025-03-29 09:00:00,LT13 SETI,NenuFAR booking
2025-03-29 09:00:00,2025-03-29 10:00:00,LT11 Sun,NenuFAR booking
2025-03-29 10:00:00,2025-03-29 14:00:00,LT03 Pulsars,NenuFAR booking
2025-03-29 14:00:00,2025-03-29 15:00:00,LT11 Sun,NenuFAR booking
2025-03-29 16:00:00,2025-03-29 20:00:00,LT05 Fast Radio Bursts,NenuFAR booking
2025-03-29 20:00:00,2025-03-30 00:00:00,LT02 Exoplanets and stars,NenuFAR booking
2025-03-30 00:00:00,2025-03-30 01:00:00,LT03 Pulsars,NenuFAR booking
2025-03-30 01:00:00,2025-03-30 05:00:00,LT02 Exoplanets and stars,NenuFAR booking
2025-03-30 05:00:00,2025-03-30 09:00:00,LT05 Fast Radio Bursts,NenuFAR booking
2025-03-30 09:00:00,2025-03-30 15:00:00,LT11 Sun,NenuFAR booking
2025-03-30 19:00:00,2025-03-31 03:30:00,LT02 Exoplanets and stars,NenuFAR booking
2025-03-31 03:30:00,2025-03-31 06:00:00,RP5C Nova T CrB,NenuFAR booking
2025-03-31 06:00:00,2025-03-31 10:00:00,LT05 Fast Radio Bursts,NenuFAR booking
2025-03-31 10:00:00,2025-03-31 15:00:00,LT11 Sun,NenuFAR booking
2025-03-31 19:00:00,2025-04-01 03:00:00,RP3A Milky Way,NenuFAR booking
2025-04-01 03:00:00,2025-04-01 06:00:00,RP5C Nova T CrB,NenuFAR booking
2025-04-01 06:00:00,2025-04-01 10:00:00,LT05 Fast Radio Bursts,NenuFAR booking
2025-04-01 10:00:00,2025-04-01 15:00:00,LT11 Sun,NenuFAR booking
2025-04-01 18:00:00,2025-04-01 22:00:00,LT05 Fast Radio Bursts,NenuFAR booking
2025-04-01 22:00:00,2025-04-02 00:00:00,LT10 Radio recombination lines,NenuFAR booking
2025-04-02 00:00:00,2025-04-02 01:00:00,RP5C Nova T CrB,NenuFAR booking
2025-04-02 01:00:00,2025-04-02 02:00:00,LT03 Pulsars,NenuFAR booking
2025-04-02 02:00:00,2025-04-02 05:00:00,RP5C Nova T CrB,NenuFAR booking
2025-04-02 05:00:00,2025-04-02 07:00:00,LT03 Pulsars,NenuFAR booking
2025-04-02 08:00:00,2025-04-02 11:00:00,LT03 Pulsars,NenuFAR booking
2025-04-02 18:00:00,2025-04-03 06:00:00,LT03 Pulsars,NenuFAR booking
2025-04-03 06:00:00,2025-04-03 10:00:00,LT05 Fast Radio Bursts,NenuFAR booking
2025-04-03 10:00:00,2025-04-03 21:00:00,LT07 Joint Jupiter studies,NenuFAR booking
2025-04-03 21:00:00,2025-04-04 00:00:00,LT10 Radio recombination lines,NenuFAR booking
2025-04-04 00:00:00,2025-04-04 01:00:00,RP5C Nova T CrB,NenuFAR booking
2025-04-04 01:00:00,2025-04-04 05:00:00,LT02 Exoplanets and stars,NenuFAR booking
2025-04-04 05:00:00,2025-04-04 06:00:00,RP5C Nova T CrB,NenuFAR booking
2025-04-04 06:00:00,2025-04-04 10:00:00,LT05 Fast Radio Bursts,NenuFAR booking
2025-04-04 10:00:00,2025-04-04 21:00:00,LT07 Joint Jupiter studies,NenuFAR booking
2025-04-04 21:00:00,2025-04-05 00:00:00,LT02 Exoplanets and stars,NenuFAR booking
2025-04-05 00:00:00,2025-04-05 02:00:00,RP5C Nova T CrB,NenuFAR booking
2025-04-05 02:00:00,2025-04-05 07:00:00,LT05 Fast Radio Bursts,NenuFAR booking
2025-04-05 08:00:00,2025-04-05 10:00:00,LT13 SETI,NenuFAR booking
2025-04-05 10:00:00,2025-04-05 21:00:00,LT07 Joint Jupiter studies,NenuFAR booking
2025-04-05 21:00:00,2025-04-06 00:00:00,LT10 Radio recombination lines,NenuFAR booking
2025-04-06 00:00:00,2025-04-06 02:00:00,RP5C Nova T CrB,NenuFAR booking
2025-04-06 02:00:00,2025-04-06 06:00:00,LT05 Fast Radio Bursts,NenuFAR booking
2025-04-06 10:00:00,2025-04-06 14:00:00,LT03 Pulsars,NenuFAR booking
2025-04-06 19:00:00,2025-04-06 22:00:00,LT02 Exoplanets and stars,NenuFAR booking
2025-04-06 22:00:00,2025-04-07 00:00:00,LT10 Radio recombination lines,NenuFAR booking
2025-04-07 00:00:00,2025-04-07 02:00:00,RP5C Nova T CrB,NenuFAR booking
2025-04-07 02:00:00,2025-04-07 06:00:00,LT05 Fast Radio Bursts,NenuFAR booking
2025-04-07 19:00:00,2025-04-07 22:00:00,LT02 Exoplanets and stars,NenuFAR booking
2025-04-07 22:00:00,2025-04-08 00:00:00,LT10 Radio recombination lines,NenuFAR booking
2025-04-08 00:00:00,2025-04-08 03:00:00,RP5C Nova T CrB,NenuFAR booking
2025-04-08 03:00:00,2025-04-08 08:00:00,LT05 Fast Radio Bursts,NenuFAR booking
2025-04-08 10:00:00,2025-04-08 12:00:00,LT13 SETI,NenuFAR booking
2025-04-08 20:00:00,2025-04-09 00:00:00,LT05 Fast Radio Bursts,NenuFAR booking
2025-04-09 00:00:00,2025-04-09 01:00:00,RP5C Nova T CrB,NenuFAR booking
2025-04-09 01:00:00,2025-04-09 05:00:00,LT02 Exoplanets and stars,NenuFAR booking
2025-04-09 05:00:00,2025-04-09 07:00:00,RP5C Nova T CrB,NenuFAR booking
2025-04-09 20:00:00,2025-04-10 00:00:00,LT05 Fast Radio Bursts,NenuFAR booking
2025-04-10 00:00:00,2025-04-10 03:00:00,RP5C Nova T CrB,NenuFAR booking
2025-04-10 03:00:00,2025-04-10 08:00:00,LT05 Fast Radio Bursts,NenuFAR booking
2025-04-10 20:00:00,2025-04-11 01:00:00,LT02 Exoplanets and stars,NenuFAR booking
2025-04-11 01:00:00,2025-04-11 03:00:00,RP5C Nova T CrB,NenuFAR booking
2025-04-11 03:00:00,2025-04-11 07:00:00,LT05 Fast Radio Bursts,NenuFAR booking
2025-04-11 20:00:00,2025-04-12 01:00:00,LT02 Exoplanets and stars,NenuFAR booking
2025-04-12 01:00:00,2025-04-12 03:00:00,RP5C Nova T CrB,NenuFAR booking
2025-04-12 03:00:00,2025-04-12 07:00:00,LT05 Fast Radio Bursts,NenuFAR booking
2025-04-12 10:00:00,2025-04-12 14:00:00,LT03 Pulsars,NenuFAR booking
2025-04-12 19:00:00,2025-04-13 04:00:00,LT02 Exoplanets and stars,NenuFAR booking
2025-04-13 04:00:00,2025-04-13 06:00:00,LT10 Radio recombination lines,NenuFAR booking
2025-04-13 19:00:00,2025-04-13 21:00:00,LT02 Exoplanets and stars,NenuFAR booking
2025-04-13 21:00:00,2025-04-14 06:00:00,LT03 Pulsars,NenuFAR booking
2025-04-14 19:00:00,2025-04-15 00:00:00,LT02 Exoplanets and stars,NenuFAR booking
2025-04-15 00:00:00,2025-04-15 04:00:00,RP5C Nova T CrB,NenuFAR booking
2025-04-15 04:00:00,2025-04-15 06:00:00,LT10 Radio recombination lines,NenuFAR booking
2025-04-15 19:00:00,2025-04-16 03:00:00,RP3A Milky Way,NenuFAR booking
2025-04-16 03:00:00,2025-04-16 04:00:00,RP5C Nova T CrB,NenuFAR booking
2025-04-16 04:00:00,2025-04-16 05:00:00,LT03 Pulsars,NenuFAR booking
2025-04-16 12:00:00,2025-04-16 14:00:00,LT13 SETI,NenuFAR booking
2025-04-16 19:00:00,2025-04-17 02:00:00,LT02 Exoplanets and stars,NenuFAR booking
2025-04-17 02:00:00,2025-04-17 04:00:00,RP5C Nova T CrB,NenuFAR booking
2025-04-17 04:00:00,2025-04-17 06:00:00,LT10 Radio recombination lines,NenuFAR booking
2025-04-17 19:00:00,2025-04-17 22:00:00,LT02 Exoplanets and stars,NenuFAR booking
2025-04-17 22:00:00,2025-04-18 00:00:00,ES00 Debug,NenuFAR booking
2025-04-18 00:00:00,2025-04-18 04:00:00,LT02 Exoplanets and stars,NenuFAR booking
2025-04-18 04:00:00,2025-04-18 06:00:00,LT10 Radio recombination lines,NenuFAR booking
2025-04-18 19:00:00,2025-04-18 22:00:00,LT02 Exoplanets and stars,NenuFAR booking
2025-04-18 22:00:00,2025-04-19 00:00:00,ES00 Debug,NenuFAR booking
2025-04-19 00:00:00,2025-04-19 04:00:00,LT02 Exoplanets and stars,NenuFAR booking
2025-04-19 04:00:00,2025-04-19 05:00:00,RP5C Nova T CrB,NenuFAR booking
2025-04-19 07:00:00,2025-04-19 14:00:00,LT03 Pulsars,NenuFAR booking
2025-04-19 15:00:00,2025-04-19 16:00:00,LT03 Pulsars,NenuFAR booking
2025-04-19 18:00:00,2025-04-19 21:00:00,LT03 Pulsars,NenuFAR booking
2025-04-19 22:00:00,2025-04-20 00:00:00,ES00 Debug,NenuFAR booking
2025-04-20 00:00:00,2025-04-20 01:00:00,LT03 Pulsars,NenuFAR booking
2025-04-20 01:00:00,2025-04-20 02:00:00,RP5C Nova T CrB,NenuFAR booking
2025-04-20 02:00:00,2025-04-20 07:00:00,LT05 Fast Radio Bursts,NenuFAR booking
2025-04-20 19:00:00,2025-04-20 22:00:00,LT02 Exoplanets and stars,NenuFAR booking
2025-04-20 22:00:00,2025-04-21 00:00:00,ES00 Debug,NenuFAR booking
2025-04-21 00:00:00,2025-04-21 03:00:00,LT02 Exoplanets and stars,NenuFAR booking
2025-04-21 03:00:00,2025-04-21 04:00:00,RP5C Nova T CrB,NenuFAR booking
2025-04-21 04:00:00,2025-04-21 06:00:00,LT10 Radio recombination lines,NenuFAR booking
2025-04-21 19:00:00,2025-04-21 22:00:00,LT02 Exoplanets and stars,NenuFAR booking
2025-04-21 22:00:00,2025-04-22 00:00:00,ES00 Debug,NenuFAR booking
2025-04-22 00:00:00,2025-04-22 04:00:00,LT02 Exoplanets and stars,NenuFAR booking
2025-04-22 04:00:00,2025-04-22 05:00:00,RP5C Nova T CrB,NenuFAR booking
2025-04-22 07:00:00,2025-04-22 09:00:00,LT10 Radio recombination lines,NenuFAR booking
2025-04-22 19:00:00,2025-04-22 21:00:00,LT02 Exoplanets and stars,NenuFAR booking
2025-04-22 21:00:00,2025-04-23 21:00:00,LT03 Pulsars,NenuFAR booking
2025-04-23 21:00:00,2025-04-24 04:00:00,LT02 Exoplanets and stars,NenuFAR booking
2025-04-24 04:00:00,2025-04-24 05:00:00,RP5C Nova T CrB,NenuFAR booking
2025-04-24 07:00:00,2025-04-24 09:00:00,LT10 Radio recombination lines,NenuFAR booking
2025-04-24 19:00:00,2025-04-24 21:00:00,LT02 Exoplanets and stars,NenuFAR booking
2025-04-24 21:00:00,2025-04-25 06:00:00,LT03 Pulsars,NenuFAR booking
2025-04-25 06:00:00,2025-04-25 10:00:00,LT05 Fast Radio Bursts,NenuFAR booking
2025-04-25 14:00:00,2025-04-25 16:00:00,LT13 SETI,NenuFAR booking
2025-04-25 19:00:00,2025-04-26 02:00:00,LT02 Exoplanets and stars,NenuFAR booking
2025-04-26 02:00:00,2025-04-26 03:30:00,RP5C Nova T CrB,NenuFAR booking
2025-04-26 03:30:00,2025-04-26 05:30:00,LT03 Pulsars,NenuFAR booking
2025-04-26 05:30:00,2025-04-26 10:00:00,LT05 Fast Radio Bursts,NenuFAR booking
2025-04-26 10:00:00,2025-04-26 14:00:00,LT03 Pulsars,NenuFAR booking
2025-04-26 19:00:00,2025-04-27 04:00:00,LT02 Exoplanets and stars,NenuFAR booking
2025-04-27 04:00:00,2025-04-27 05:00:00,RP5C Nova T CrB,NenuFAR booking
2025-04-27 06:00:00,2025-04-27 10:00:00,LT05 Fast Radio Bursts,NenuFAR booking
2025-04-27 19:00:00,2025-04-28 02:00:00,LT02 Exoplanets and stars,NenuFAR booking
2025-04-28 02:00:00,2025-04-28 03:00:00,RP5C Nova T CrB,NenuFAR booking
2025-04-28 03:00:00,2025-04-28 07:00:00,LT05 Fast Radio Bursts,NenuFAR booking
2025-04-28 07:00:00,2025-04-28 09:00:00,LT10 Radio recombination lines,NenuFAR booking
2025-04-28 19:00:00,2025-04-29 02:00:00,LT02 Exoplanets and stars,NenuFAR booking
2025-04-29 02:00:00,2025-04-29 03:00:00,RP5C Nova T CrB,NenuFAR booking
2025-04-29 03:00:00,2025-04-29 08:00:00,LT05 Fast Radio Bursts,NenuFAR booking
2025-04-29 19:00:00,2025-04-29 23:00:00,LT05 Fast Radio Bursts,NenuFAR booking
2025-04-29 23:00:00,2025-04-30 04:00:00,LT02 Exoplanets and stars,NenuFAR booking
2025-04-30 04:00:00,2025-04-30 07:00:00,LT05 Fast Radio Bursts,NenuFAR booking
2025-04-30 07:00:00,2025-04-30 09:00:00,LT10 Radio recombination lines,NenuFAR booking
2025-04-30 19:00:00,2025-04-30 23:00:00,LT05 Fast Radio Bursts,NenuFAR booking
2025-04-30 23:00:00,2025-05-01 01:00:00,LT02 Exoplanets and stars,NenuFAR booking
2025-05-01 01:00:00,2025-05-01 02:00:00,RP5C Nova T CrB,NenuFAR booking
2025-05-01 02:00:00,2025-05-01 06:00:00,LT05 Fast Radio Bursts,NenuFAR booking
2025-05-01 07:00:00,2025-05-01 09:00:00,LT10 Radio recombination lines,NenuFAR booking
2025-05-01 19:00:00,2025-05-02 01:00:00,LT02 Exoplanets and stars,NenuFAR booking
2025-05-02 01:00:00,2025-05-02 02:00:00,RP5C Nova T CrB,NenuFAR booking
2025-05-02 02:00:00,2025-05-02 06:00:00,LT05 Fast Radio Bursts,NenuFAR booking
2025-05-02 16:00:00,2025-05-02 18:00:00,LT13 SETI,NenuFAR booking
2025-05-02 19:00:00,2025-05-03 03:00:00,RP3A Milky Way,NenuFAR booking
2025-05-03 03:00:00,2025-05-03 04:00:00,RP5C Nova T CrB,NenuFAR booking
2025-05-03 04:00:00,2025-05-03 08:00:00,LT05 Fast Radio Bursts,NenuFAR booking
2025-05-03 10:00:00,2025-05-03 15:00:00,LT03 Pulsars,NenuFAR booking
2025-05-03 19:00:00,2025-05-04 01:00:00,LT02 Exoplanets and stars,NenuFAR booking
2025-05-04 01:00:00,2025-05-04 02:00:00,RP5C Nova T CrB,NenuFAR booking
2025-05-04 02:00:00,2025-05-04 04:00:00,LT10 Radio recombination lines,NenuFAR booking
2025-05-04 04:00:00,2025-05-04 08:00:00,LT05 Fast Radio Bursts,NenuFAR booking
2025-05-04 19:00:00,2025-05-04 22:00:00,LT02 Exoplanets and stars,NenuFAR booking
2025-05-04 22:00:00,2025-05-04 23:00:00,LT03 Pulsars,NenuFAR booking
2025-05-04 23:00:00,2025-05-05 03:00:00,LT02 Exoplanets and stars,NenuFAR booking
2025-05-05 03:00:00,2025-05-05 04:00:00,RP5C Nova T CrB,NenuFAR booking
2025-05-05 04:00:00,2025-05-05 08:00:00,LT05 Fast Radio Bursts,NenuFAR booking
2025-05-05 17:00:00,2025-05-05 20:00:00,LT03 Pulsars,NenuFAR booking
2025-05-05 21:00:00,2025-05-06 06:00:00,LT03 Pulsars,NenuFAR booking
2025-05-06 08:00:00,2025-05-06 20:00:00,LT07 Joint Jupiter studies,NenuFAR booking
2025-05-06 20:00:00,2025-05-07 00:00:00,LT05 Fast Radio Bursts,NenuFAR booking
2025-05-07 01:00:00,2025-05-07 02:00:00,RP5C Nova T CrB,NenuFAR booking
2025-05-07 02:00:00,2025-05-07 06:00:00,LT05 Fast Radio Bursts,NenuFAR booking
2025-05-07 08:00:00,2025-05-07 20:00:00,LT07 Joint Jupiter studies,NenuFAR booking
2025-05-07 20:00:00,2025-05-08 03:00:00,LT02 Exoplanets and stars,NenuFAR booking
2025-05-08 03:00:00,2025-05-08 07:00:00,LT05 Fast Radio Bursts,NenuFAR booking
2025-05-08 08:00:00,2025-05-08 20:00:00,LT07 Joint Jupiter studies,NenuFAR booking
2025-05-08 20:00:00,2025-05-09 00:00:00,LT02 Exoplanets and stars,NenuFAR booking
2025-05-09 00:00:00,2025-05-09 01:00:00,RP5C Nova T CrB,NenuFAR booking
2025-05-09 01:00:00,2025-05-09 06:00:00,LT05 Fast Radio Bursts,NenuFAR booking
2025-05-09 06:00:00,2025-05-09 09:00:00,LT03 Pulsars,NenuFAR booking
2025-05-09 18:00:00,2025-05-09 20:00:00,LT13 SETI,NenuFAR booking
2025-05-09 20:00:00,2025-05-10 00:00:00,LT05 Fast Radio Bursts,NenuFAR booking
2025-05-10 01:00:00,2025-05-10 02:00:00,RP5C Nova T CrB,NenuFAR booking
2025-05-10 02:00:00,2025-05-10 06:00:00,LT05 Fast Radio Bursts,NenuFAR booking
2025-05-10 06:00:00,2025-05-10 10:00:00,ES00 Debug,NenuFAR booking
2025-05-10 10:00:00,2025-05-10 14:00:00,LT03 Pulsars,NenuFAR booking
2025-05-10 14:00:00,2025-05-10 21:00:00,ES00 Debug,NenuFAR booking
2025-05-10 21:00:00,2025-05-11 00:00:00,LT02 Exoplanets and stars,NenuFAR booking
2025-05-11 00:00:00,2025-05-11 01:00:00,RP5C Nova T CrB,NenuFAR booking
2025-05-11 01:00:00,2025-05-11 06:00:00,LT05 Fast Radio Bursts,NenuFAR booking
2025-05-11 06:00:00,2025-05-11 10:00:00,ES00 Debug,NenuFAR booking
2025-05-11 11:00:00,2025-05-11 15:00:00,ES00 Debug,NenuFAR booking
2025-05-11 20:00:00,2025-05-11 22:00:00,ES00 Debug,NenuFAR booking
2025-05-11 22:00:00,2025-05-12 00:00:00,LT02 Exoplanets and stars,NenuFAR booking
2025-05-12 00:00:00,2025-05-12 01:00:00,RP5C Nova T CrB,NenuFAR booking
2025-05-12 01:00:00,2025-05-12 05:00:00,LT05 Fast Radio Bursts,NenuFAR booking
2025-05-12 05:00:00,2025-05-12 09:00:00,ES00 Debug,NenuFAR booking
2025-05-12 12:00:00,2025-05-12 16:00:00,ES00 Debug,NenuFAR booking
2025-05-12 19:00:00,2025-05-12 21:00:00,LT02 Exoplanets and stars,NenuFAR booking
2025-05-12 21:00:00,2025-05-12 23:00:00,ES00 Debug,NenuFAR booking
2025-05-12 23:00:00,2025-05-13 03:00:00,LT02 Exoplanets and stars,NenuFAR booking
2025-05-13 03:00:00,2025-05-13 05:00:00,LT10 Radio recombination lines,NenuFAR booking
2025-05-13 06:00:00,2025-05-13 10:00:00,ES00 Debug,NenuFAR booking
2025-05-13 13:00:00,2025-05-13 17:00:00,ES00 Debug,NenuFAR booking
2025-05-13 19:00:00,2025-05-13 22:00:00,LT02 Exoplanets and stars,NenuFAR booking
2025-05-13 22:00:00,2025-05-14 00:00:00,ES00 Debug,NenuFAR booking
2025-05-14 00:00:00,2025-05-14 01:00:00,RP5C Nova T CrB,NenuFAR booking
2025-05-14 01:00:00,2025-05-14 06:00:00,LT05 Fast Radio Bursts,NenuFAR booking
2025-05-14 07:00:00,2025-05-14 11:00:00,ES00 Debug,NenuFAR booking
2025-05-14 14:00:00,2025-05-14 18:00:00,ES00 Debug,NenuFAR booking
2025-05-14 19:00:00,2025-05-14 23:00:00,LT02 Exoplanets and stars,NenuFAR booking
2025-05-14 23:00:00,2025-05-15 01:00:00,ES00 Debug,NenuFAR booking
2025-05-15 01:00:00,2025-05-15 02:00:00,RP5C Nova T CrB,NenuFAR booking
2025-05-15 03:00:00,2025-05-15 05:00:00,LT10 Radio recombination lines,NenuFAR booking
2025-05-15 05:00:00,2025-05-15 07:00:00,ES00 Debug,NenuFAR booking
2025-05-15 08:00:00,2025-05-15 12:00:00,ES00 Debug,NenuFAR booking
2025-05-15 15:00:00,2025-05-15 19:00:00,ES00 Debug,NenuFAR booking
2025-05-15 19:00:00,2025-05-16 03:00:00,RP3A Milky Way,NenuFAR booking
2025-05-16 03:00:00,2025-05-16 05:00:00,LT13 SETI,NenuFAR booking
2025-05-16 05:00:00,2025-05-16 06:00:00,RP5C Nova T CrB,NenuFAR booking
2025-05-16 06:00:00,2025-05-16 08:00:00,LT10 Radio recombination lines,NenuFAR booking
2025-05-16 09:00:00,2025-05-16 13:00:00,ES00 Debug,NenuFAR booking
2025-05-16 16:00:00,2025-05-16 20:00:00,ES00 Debug,NenuFAR booking
2025-05-16 21:00:00,2025-05-17 06:00:00,LT03 Pulsars,NenuFAR booking
2025-05-17 10:00:00,2025-05-17 14:00:00,LT03 Pulsars,NenuFAR booking
2025-05-17 14:00:00,2025-05-17 18:00:00,ES00 Debug,NenuFAR booking
2025-05-17 19:00:00,2025-05-18 03:00:00,LT02 Exoplanets and stars,NenuFAR booking
2025-05-18 03:00:00,2025-05-18 04:00:00,RP5C Nova T CrB,NenuFAR booking
2025-05-18 04:00:00,2025-05-18 08:00:00,ES00 Debug,NenuFAR booking
2025-05-18 11:00:00,2025-05-18 15:00:00,ES00 Debug,NenuFAR booking
2025-05-18 17:00:00,2025-05-19 01:00:00,ES00 Debug,NenuFAR booking
2025-05-19 01:00:00,2025-05-19 02:00:00,RP5C Nova T CrB,NenuFAR booking
2025-05-19 03:00:00,2025-05-19 05:00:00,LT10 Radio recombination lines,NenuFAR booking
2025-05-19 05:00:00,2025-05-19 09:00:00,ES00 Debug,NenuFAR booking
2025-05-19 12:00:00,2025-05-19 16:00:00,ES00 Debug,NenuFAR booking
2025-05-19 20:00:00,2025-05-19 22:00:00,ES00 Debug,NenuFAR booking
2025-05-19 22:00:00,2025-05-20 00:00:00,LT02 Exoplanets and stars,NenuFAR booking
2025-05-20 00:00:00,2025-05-20 01:00:00,RP5C Nova T CrB,NenuFAR booking
2025-05-20 01:00:00,2025-05-20 03:00:00,LT02 Exoplanets and stars,NenuFAR booking
2025-05-20 06:00:00,2025-05-20 08:00:00,LT10 Radio recombination lines,NenuFAR booking
2025-05-20 08:00:00,2025-05-20 12:00:00,ES00 Debug,NenuFAR booking
2025-05-20 13:00:00,2025-05-20 17:00:00,ES00 Debug,NenuFAR booking
2025-05-20 19:00:00,2025-05-20 21:00:00,LT02 Exoplanets and stars,NenuFAR booking
2025-05-20 21:00:00,2025-05-20 23:00:00,ES00 Debug,NenuFAR booking
2025-05-20 23:00:00,2025-05-21 03:00:00,LT02 Exoplanets and stars,NenuFAR booking
2025-05-21 03:00:00,2025-05-21 04:00:00,RP5C Nova T CrB,NenuFAR booking
2025-05-21 05:00:00,2025-05-21 08:00:00,LT03 Pulsars,NenuFAR booking
2025-05-21 08:00:00,2025-05-21 12:00:00,ES00 Debug,NenuFAR booking
2025-05-21 16:00:00,2025-05-21 19:00:00,LT03 Pulsars,NenuFAR booking
2025-05-21 19:00:00,2025-05-21 22:00:00,LT02 Exoplanets and stars,NenuFAR booking
2025-05-21 22:00:00,2025-05-22 00:00:00,ES00 Debug,NenuFAR booking
2025-05-22 00:00:00,2025-05-22 01:00:00,RP5C Nova T CrB,NenuFAR booking
2025-05-22 01:00:00,2025-05-22 03:00:00,LT02 Exoplanets and stars,NenuFAR booking
2025-05-22 03:00:00,2025-05-22 04:00:00,LT03 Pulsars,NenuFAR booking
2025-05-22 08:00:00,2025-05-22 12:00:00,ES00 Debug,NenuFAR booking
2025-05-22 15:00:00,2025-05-22 19:00:00,ES00 Debug,NenuFAR booking
2025-05-22 19:00:00,2025-05-22 22:00:00,LT02 Exoplanets and stars,NenuFAR booking
2025-05-22 22:00:00,2025-05-23 00:00:00,ES00 Debug,NenuFAR booking
2025-05-23 00:00:00,2025-05-23 01:00:00,RP5C Nova T CrB,NenuFAR booking
2025-05-23 01:00:00,2025-05-23 03:00:00,LT02 Exoplanets and stars,NenuFAR booking
2025-05-23 03:00:00,2025-05-23 05:00:00,LT10 Radio recombination lines,NenuFAR booking
2025-05-23 05:00:00,2025-05-23 07:00:00,LT13 SETI,NenuFAR booking
2025-05-23 09:00:00,2025-05-23 13:00:00,ES00 Debug,NenuFAR booking
2025-05-23 16:00:00,2025-05-23 20:00:00,ES00 Debug,NenuFAR booking
2025-05-23 20:00:00,2025-05-24 00:00:00,LT02 Exoplanets and stars,NenuFAR booking
2025-05-24 00:00:00,2025-05-24 01:00:00,RP5C Nova T CrB,NenuFAR booking
2025-05-24 01:00:00,2025-05-24 03:00:00,LT02 Exoplanets and stars,NenuFAR booking
2025-05-24 06:00:00,2025-05-24 08:00:00,LT10 Radio recombination lines,NenuFAR booking
2025-05-24 10:00:00,2025-05-24 15:00:00,LT03 Pulsars,NenuFAR booking
2025-05-24 15:00:00,2025-05-24 19:00:00,ES00 Debug,NenuFAR booking
2025-05-24 19:00:00,2025-05-25 03:00:00,LT02 Exoplanets and stars,NenuFAR booking
2025-05-25 03:00:00,2025-05-25 04:00:00,RP5C Nova T CrB,NenuFAR booking
2025-05-25 21:00:00,2025-05-25 22:00:00,LT03 Pulsars,NenuFAR booking
2025-05-25 22:00:00,2025-05-26 00:00:00,LT02 Exoplanets and stars,NenuFAR booking
2025-05-26 00:00:00,2025-05-26 01:00:00,RP5C Nova T CrB,NenuFAR booking
2025-05-26 01:00:00,2025-05-26 03:00:00,LT02 Exoplanets and stars,NenuFAR booking
2025-05-26 03:00:00,2025-05-26 05:00:00,RP1C Free-free absorption in Cassiopeia A,NenuFAR booking
2025-05-26 06:00:00,2025-05-26 08:00:00,LT10 Radio recombination lines,NenuFAR booking
2025-05-26 21:00:00,2025-05-28 06:00:00,LT03 Pulsars,NenuFAR booking
2025-05-28 06:00:00,2025-05-28 08:00:00,LT10 Radio recombination lines,NenuFAR booking
2025-05-28 19:00:00,2025-05-29 00:00:00,LT02 Exoplanets and stars,NenuFAR booking
2025-05-29 00:00:00,2025-05-29 01:00:00,RP5C Nova T CrB,NenuFAR booking
2025-05-29 01:00:00,2025-05-29 03:00:00,LT02 Exoplanets and stars,NenuFAR booking
2025-05-29 03:00:00,2025-05-29 07:00:00,LT05 Fast Radio Bursts,NenuFAR booking
2025-05-29 07:00:00,2025-05-29 09:00:00,LT13 SETI,NenuFAR booking
2025-05-29 19:00:00,2025-05-30 00:00:00,LT02 Exoplanets and stars,NenuFAR booking
2025-05-30 00:00:00,2025-05-30 01:00:00,RP5C Nova T CrB,NenuFAR booking
2025-05-30 01:00:00,2025-05-30 03:00:00,LT02 Exoplanets and stars,NenuFAR booking
2025-05-30 03:00:00,2025-05-30 08:00:00,LT05 Fast Radio Bursts,NenuFAR booking
2025-05-30 18:00:00,2025-05-30 22:00:00,LT05 Fast Radio Bursts,NenuFAR booking
2025-05-30 22:00:00,2025-05-31 00:00:00,LT02 Exoplanets and stars,NenuFAR booking
2025-05-31 00:00:00,2025-05-31 01:00:00,RP5C Nova T CrB,NenuFAR booking
2025-05-31 01:00:00,2025-05-31 03:00:00,LT02 Exoplanets and stars,NenuFAR booking
2025-05-31 03:00:00,2025-05-31 07:00:00,LT05 Fast Radio Bursts,NenuFAR booking
2025-05-31 10:00:00,2025-05-31 14:00:00,LT03 Pulsars,NenuFAR booking
2025-05-31 18:00:00,2025-05-31 22:00:00,LT05 Fast Radio Bursts,NenuFAR booking
